{
"_overall": 0.05962769051774287,
"alexander-albon": 0.06414972479634708,
"antonio-giovinazzi": 0.05920682791824002,
"brendon-hartley": 0.06183173062926195,
"carlos-sainz-jr": 0.06317912884988766,
"charles-leclerc": 0.06103808037573081,
"daniel-ricciardo": 0.06033292410414302,
"daniil-kvyat": 0.0595456973988378,
"esteban-ocon": 0.05846194997156145,
"fernando-alonso": 0.055623378862898025,
"franco-colapinto": 0.06065713732157903,
"gabriel-bortoleto": 0.06562103096569787,
"george-russell": 0.05717275897142054,
"guanyu-zhou": 0.05821885213915084,
"isack-hadjar": 0.061255802539001175,
"jack-doohan": 0.06394830794649571,
"kevin-magnussen": 0.06048547438960373,
"kimi-antonelli": 0.061267826536543474,
"kimi-raikkonen": 0.057589650764277994,
"lance-stroll": 0.06315534201385516,
"lando-norris": 0.0536565683009295,
"lewis-hamilton": 0.05478549334826626,
"liam-lawson": 0.0638322799024068,
"logan-sargeant": 0.05970236678666924,
"marcus-ericsson": 0.06171291203206637,
"max-verstappen": 0.057075115530880155,
"mick-schumacher": 0.06077874439970855,
"nicholas-latifi": 0.06587690138507628,
"nico-hulkenberg": 0.0611551740344667,
"nikita-mazepin": 0.06373726352507211,
"nyck-de-vries": 0.060640912656737087,
"oliver-bearman": 0.05746109147783583,
"oscar-piastri": 0.05795126661040409,
"pierre-gasly": 0.057123452498008806,
"robert-kubica": 0.057871180487167155,
"romain-grosjean": 0.07021373683071985,
"sebastian-vettel": 0.05728310446894022,
"sergey-sirotkin": 0.05990602674551134,
"sergio-perez": 0.05885860843819254,
"stoffel-vandoorne": 0.057897903453410116,
"valtteri-bottas": 0.056211456763538496,
"yuki-tsunoda": 0.06312222829133068
}